DATE,Interest rate,Consumer price index,M1 money supply,Unemployment rate,Closing price,Inflation rate,Real GDP,Real personal income,M2 money supply,Opening price,House price,Change in values of stocks,Net Exports,Labor compensation,Total capital expenditure and transactions,Outcome
Jan-76,4.87,55.8,516.8,7.9,100.9,6.718,6323.649,5206.807,1026.6,100.9,62.85,11.86,4.65,7.929515419,547930,0
Feb-76,4.77,55.9,520.2,7.7,99.7,6.286,6323.649,5237.103,1040.3,99.7,62.85,-1.19,4.65,7.860262009,547930,0
Mar-76,4.84,56,522.7,7.6,102.8,6.072,6323.649,5250.841,1050,102.8,62.85,3.11,4.65,7.559395248,547930,0
Apr-76,4.82,56.1,525.3,7.7,101.6,6.049,6370.025,5271.098,1060.8,101.6,65.39,-1.17,-0.5,7.559395248,564061,0
May-76,5.29,56.4,524.6,7.4,100.2,6.203,6370.025,5277.153,1072.1,100.2,65.39,-1.38,-0.5,8.387096774,564061,0
Jun-76,5.48,56.7,522.4,7.6,104.3,5.97,6370.025,5284.953,1077.6,104.3,65.39,4.09,-0.5,8.333333333,564061,0
Jul-76,5.31,57,521.4,7.8,103.4,5.351,6404.895,5317.491,1086.3,103.4,66.51,-0.86,-4.07,8.492569002,573439,0
Aug-76,5.29,57.3,521.8,7.8,102.9,5.709,6404.895,5332.551,1098.7,102.9,66.51,-0.48,-4.07,8.631578947,573439,0
Sep-76,5.25,57.6,520.1,7.6,105.2,5.495,6404.895,5337.168,1110.8,105.2,66.51,2.24,-4.07,8.786610879,573439,0
Oct-76,5.02,57.9,521.6,7.7,102.9,5.464,6451.177,5335.461,1125,102.9,67.2,-2.19,-6.6,8.125,587230,0
Nov-76,4.95,58.1,522.5,7.8,102.1,4.882,6451.177,5382.241,1138.2,102.1,67.2,-0.78,-6.6,8.695652174,587230,0
Dec-76,4.65,58.4,524.3,7.8,107.5,4.865,6451.177,5398.735,1152,107.5,67.2,5.29,-6.6,8.847736626,587230,0
Jan-77,4.61,58.7,525.2,7.5,102,5.216,6527.703,5372.549,1165.2,102,69.48,-5.12,-21.08,9.183673469,621416,0
Feb-77,4.68,59.3,525.3,7.6,99.8,5.216,6527.703,5389.96,1177.6,99.8,69.48,-2.16,-21.08,8.502024291,621416,0
Mar-77,4.69,59.6,526.7,7.4,98.4,6.44,6527.703,5413.846,1188.5,98.4,69.48,-1.4,-21.08,8.43373494,621416,0
Apr-77,4.73,60,526.7,7.2,98.4,6.952,6654.466,5437.2,1199.6,98.4,72.66,0,-21.14,9.437751004,658496,0
May-77,5.35,60.2,526.9,7,96.1,6.726,6654.466,5450.793,1209,96.1,72.66,-2.34,-21.14,8.928571429,658496,0
Jun-77,5.39,60.5,526.9,7.2,100.5,6.866,6654.466,5459.172,1217.8,100.5,72.66,4.58,-21.14,9.270216963,658496,0
Jul-77,5.42,60.8,526.6,6.9,98.8,6.83,6774.457,5489.51,1226.7,98.8,74.35,-1.69,-20.58,9.197651663,686738,0
Aug-77,5.9,61.1,527.5,7,96.8,6.62,6774.457,5511.046,1237,96.8,74.35,-2.02,-20.58,8.720930233,686738,0
Sep-77,6.14,61.3,529.4,6.8,96.5,6.597,6774.457,5545.405,1246.2,96.5,74.35,-0.31,-20.58,8.653846154,686738,0
Oct-77,6.47,61.6,529.9,6.8,92.3,6.39,6774.592,5593.319,1254,92.3,77.11,-4.35,-29.58,9.633911368,700865,0
Nov-77,6.51,62,530,6.8,94.8,6.724,6774.592,5637.491,1262.4,94.8,77.11,2.71,-29.58,8.952380952,700865,0
Dec-77,6.56,62.3,531.1,6.4,95.1,6.701,6774.592,5662.417,1270.3,95.1,77.11,0.32,-29.58,8.695652174,700865,0
Jan-78,6.7,62.7,533.3,6.4,89.2,6.838,6796.26,5642.502,1279.7,94.7,79.55,-6.2,-38.68,8.971962617,712417,1
Feb-78,6.78,63,532.2,6.3,87,6.43,6796.26,5667.791,1285.5,89.3,79.55,-2.47,-38.68,9.328358209,712417,1
Mar-78,6.79,63.4,531.5,6.3,89.2,6.555,6796.26,5700.022,1292.2,86.7,79.55,2.53,-38.68,8.888888889,712417,1
Apr-78,6.89,63.9,531.9,6.1,96.8,6.5,7058.92,5732.667,1300.4,88.8,82.73,8.52,-22.62,8.80733945,776392,1
May-78,7.36,64.5,534.7,6,97.2,6.965,7058.92,5739.268,1310.5,96.9,82.73,0.41,-22.62,8.561020036,776392,1
Jun-78,7.6,65,533.7,5.9,95.5,7.414,7058.92,5760.201,1318.5,97.3,82.73,-1.75,-22.62,8.483754513,776392,1
Jul-78,7.81,65.5,530.7,6.2,100.7,7.705,7129.915,5791.884,1324.1,95.2,85.14,5.45,-23.76,8.602150538,803421,1
Aug-78,8.04,65.9,530.5,5.9,103.3,7.843,7129.915,5818.097,1333.5,100.9,85.14,2.58,-23.76,8.556149733,803421,1
Sep-78,8.45,66.5,529.6,6,102.5,8.306,7129.915,5825.741,1345,103.2,85.14,-0.77,-23.76,8.849557522,803421,1
Oct-78,8.96,67.1,526.5,5.8,93.2,8.929,7225.75,5847.005,1352.3,102.3,87.46,-9.07,-16.4,8.963093146,836422,1
Nov-78,9.76,67.5,526.5,5.9,94.7,8.885,7225.75,5857.195,1359.1,94.6,87.46,1.61,-16.4,9.440559441,836422,1
Dec-78,10.03,67.9,526.2,6,96.1,9.018,7225.75,5890.505,1366,95.6,87.46,1.48,-16.4,9.739130435,836422,1
Jan-79,10.07,68.5,523.5,5.9,99.9,9.28,7238.727,5910.093,1371.6,95.8,91.37,3.95,-18.16,9.090909091,843613,1
Feb-79,10.06,69.2,520.1,5.9,96.3,9.857,7238.727,5933.423,1377.8,99.5,91.37,-3.6,-18.16,9.215017065,843613,1
Mar-79,10.09,69.9,518.6,5.8,101.6,10.095,7238.727,5951.404,1387.8,96.4,91.37,5.5,-18.16,9.693877551,843613,1
Apr-79,10.01,70.6,521.2,5.8,101.8,10.485,7246.454,5903.905,1402.1,101.1,94.46,0.2,-22.19,8.431703204,863201,1
May-79,10.24,71.4,517.6,5.6,99.1,10.853,7246.454,5883.494,1410.2,101.8,94.46,-2.65,-22.19,9.395973154,863201,1
Jun-79,10.29,72.2,517.2,5.7,102.9,10.89,7246.454,5880.39,1423,99.1,94.46,3.83,-22.19,9.151414309,863201,1
Jul-79,10.47,73,516.7,5.7,103.8,11.263,7300.281,5924.962,1434.8,102.6,96.46,0.87,-23.03,8.745874587,886213,1
Aug-79,10.94,73.7,514,6,109.3,11.818,7300.281,5934.384,1446.6,103.8,96.46,5.3,-23.03,8.866995074,886213,1
Sep-79,11.43,74.4,509.8,5.9,109.3,12.18,7300.281,5934.022,1454.1,109.1,96.46,0,-23.03,8.455284553,886213,1
Oct-79,13.77,75.2,506.4,6,101.8,12.072,7318.535,5934.119,1460.4,101.8,98.25,-6.86,-26.8,8.225806452,889684,1
Nov-79,13.18,76,501.1,5.9,106.2,12.611,7318.535,5953.221,1465.9,106.2,98.25,4.32,-26.8,7.667731629,889684,1
Dec-79,13.78,76.9,496.5,6,107.9,13.294,7318.535,5968.38,1473.7,107.9,98.25,1.6,-26.8,7.765451664,889684,1
Jan-80,13.82,78,494.6,6.3,114.2,13.909,7341.557,5976.816,1482.7,107.9,100,5.84,-35.8,7.232704403,905938,1
Feb-80,14.13,79,493.8,6.3,113.7,14.182,7341.557,5949.587,1494.6,115.4,100,-0.44,-35.8,7.5,905938,1
Mar-80,17.19,80.1,484.9,6.3,102.1,14.756,7341.557,5918.133,1499.8,102.1,100,-10.2,-35.8,7.751937984,905938,1
Apr-80,17.61,80.9,474.4,6.9,106.3,14.731,7190.289,5911.122,1502.2,106.3,101.62,4.11,-15.21,8.398133748,850934,1
May-80,10.98,81.7,471,7.5,111.2,14.406,7190.289,5892.81,1512.3,107.9,101.62,4.61,-15.21,7.668711656,850934,1
Jun-80,9.47,82.5,471.6,7.6,114.2,14.385,7190.289,5906.964,1529.2,110.9,101.62,2.7,-15.21,8.231707317,850934,1
Jul-80,9.03,82.6,477,7.8,121.7,13.133,7181.743,5950.966,1545.5,114.1,104.44,6.57,5.47,8.649468892,838886,1
Aug-80,9.61,83.2,479.8,7.7,122.4,12.873,7181.743,5963.437,1561.5,121.4,104.44,0.58,5.47,9.200603318,838886,1
Sep-80,10.87,83.9,482.5,7.5,125.5,12.601,7181.743,5989.16,1574,122.4,104.44,2.53,5.47,9.445277361,838886,1
Oct-80,12.81,84.7,482.9,7.5,127.5,12.766,7315.677,6040.861,1584.8,125.7,104.52,1.59,-6.68,9.98509687,910033,1
Nov-80,15.85,85.6,479.8,7.5,140.5,12.648,7315.677,6055.398,1595.8,128,104.52,10.2,-6.68,10.83086053,910033,1
Dec-80,18.9,86.4,472.8,7.2,135.8,12.516,7315.677,6084.759,1599.8,139.6,104.52,-3.35,-6.68,10.58823529,910033,1
Jan-81,19.08,87.2,471.7,7.5,129.6,11.825,7459.022,6065.141,1606.9,135.7,105.18,-4.57,-14.26,11.14369502,994544,1
Feb-81,15.93,88,471.4,7.4,131.3,11.407,7459.022,6048.204,1618.7,128.9,105.18,1.31,-14.26,10.75581395,994544,1
Mar-81,14.7,88.6,472.9,7.4,136,10.487,7459.022,6067.35,1636.6,131.1,105.18,3.58,-14.26,10.50359712,994544,1
Apr-81,15.72,89.1,479.7,7.2,132.8,10,7403.745,6056.169,1659.2,136.4,107.4,-2.35,-13.51,11.33428981,979116,1
May-81,18.52,89.7,473.5,7.5,132.6,9.78,7403.745,6074.295,1664.2,133.1,107.4,-0.15,-13.51,11.25356125,979116,1
Jun-81,19.1,90.5,469.8,7.5,131.2,9.553,7403.745,6107.73,1670.3,133.3,107.4,-1.06,-13.51,10.56338028,979116,1
Jul-81,19.04,91.5,466.6,7.2,130.9,10.762,7492.405,6199.452,1681.9,130.7,108.8,-0.23,-7.56,10.19553073,1032230,1
Aug-81,17.82,92.2,463,7.4,122.8,10.804,7492.405,6222.937,1694.3,130.7,108.8,-6.19,-7.56,10.08287293,1032230,1
Sep-81,15.87,93.1,458.6,7.6,116.2,10.952,7492.405,6213.748,1706,122.8,108.8,-5.37,-7.56,10,1032230,1
Oct-81,15.08,93.4,458.7,7.9,121.9,10.142,7492.405,6190.074,1721.8,115.8,107.5,4.91,-14.75,9.214092141,1015585,1
Nov-81,13.31,93.8,459.8,8.3,126.3,9.591,7492.405,6197.172,1736.1,123.5,107.5,3.61,-14.75,8.165997323,1015585,1
Dec-81,12.37,94.1,464.1,8.5,122.6,8.922,7492.405,6193.277,1755.5,125.7,107.5,-2.93,-14.75,7.579787234,1015585,1
Jan-82,13.22,94.4,469,8.6,120.4,8.391,7295.631,6179.452,1770.4,122.6,106.14,-1.79,-16.28,8.970976253,965162,1
Feb-82,14.78,94.7,466.6,8.9,113.1,7.622,7295.631,6205.602,1774.5,118.7,106.14,-6.06,-16.28,7.742782152,965162,1
Mar-82,14.68,94.7,467.5,9,112,6.78,7295.631,6201.39,1786.5,113.4,106.14,-0.97,-16.28,7.291666667,965162,1
Apr-82,14.94,95,470.6,9.3,116.4,6.51,7328.912,6244.64,1803.9,112.2,108.81,3.93,-4.39,6.701030928,979178,1
May-82,14.45,95.9,465.8,9.4,111.9,6.682,7328.912,6244.365,1815.4,116,108.81,-3.87,-4.39,6.658130602,979178,1
Jun-82,14.15,97,461.3,9.6,109.6,7.064,7328.912,6223.394,1826,112,108.81,-2.06,-4.39,6.624203822,979178,1
Jul-82,12.59,97.5,459.5,9.8,107.1,6.441,7300.896,6223.874,1831.5,109.5,107.02,-2.28,-29.65,6.463878327,982175,1
Aug-82,10.12,97.7,462,9.8,119.5,5.85,7300.896,6236.193,1845.2,108.2,107.02,11.58,-29.65,5.771643664,982175,1
Sep-82,10.31,97.7,467.7,10.1,120.4,5.043,7300.896,6233.608,1858.4,120,107.02,0.75,-29.65,5.230386052,982175,1
Oct-82,9.71,98.1,473.5,10.4,133.7,5.139,7303.817,6229.736,1869.7,120.4,111.7,11.05,-29.59,4.714640199,956077,1
Nov-82,9.2,98,481.1,10.8,138.5,4.589,7303.817,6253.827,1883.7,133.7,111.7,3.59,-29.59,4.702970297,956077,1
Dec-82,8.95,97.7,486,10.8,140.6,3.83,7303.817,6286.221,1905.9,138.5,111.7,1.52,-29.59,4.944375773,956077,1
Jan-83,8.68,97.9,487.4,10.4,145.3,3.712,7400.066,6279.297,1959.4,140.6,114.43,3.34,-24.55,3.147699758,977283,0
Feb-83,8.51,98,494.2,10.4,148.1,3.488,7400.066,6283.89,1996.8,145.3,114.43,1.93,-24.55,4.628501827,977283,0
Mar-83,8.77,98.1,500.1,10.3,153,3.598,7400.066,6314.258,2015.2,148.1,114.43,3.31,-24.55,4.247572816,977283,0
Apr-83,8.8,98.8,499.2,10.2,164.4,3.899,7568.456,6319.274,2028.6,153,115.94,7.45,-45.43,3.985507246,1046882,0
May-83,8.63,99.2,504,10.1,162.4,3.549,7568.456,6351.636,2043.1,164.4,115.94,-1.22,-45.43,3.721488595,1046882,0
Jun-83,8.98,99.4,507,10.1,168.1,2.577,7568.456,6360.3,2053.5,162.4,115.94,3.51,-45.43,3.464755078,1046882,0
Jul-83,9.37,99.8,508.8,9.4,162.6,2.462,7719.746,6378.268,2064.8,168.1,116.96,-3.27,-65.2,3.69047619,1104545,0
Aug-83,9.56,100.1,510,9.5,164.4,2.559,7719.746,6369.041,2074,162.6,116.96,1.11,-65.2,3.321470937,1104545,0
Sep-83,9.45,100.4,510.8,9.2,166.1,2.86,7719.746,6412.175,2083.2,164.4,116.96,1.03,-65.2,3.668639053,1104545,0
Oct-83,9.48,100.8,513.1,8.8,163.6,2.851,7880.794,6473.198,2099.2,166.1,117.65,-1.51,-71.39,4.265402844,1190215,0
Nov-83,9.34,101.1,513.4,8.5,166.4,3.265,7880.794,6524.235,2112.3,163.6,117.65,1.71,-71.39,4.491725768,1190215,0
Dec-83,9.47,101.4,514.2,8.3,164.9,3.791,7880.794,6581.287,2123.5,166.4,117.65,-0.9,-71.39,4.475853946,1190215,0
Jan-84,9.56,102.1,514.3,8,163.4,4.192,8034.847,6603.03,2138.2,164.9,119.42,-0.91,-95,4.577464789,1281874,0
Feb-84,9.59,102.6,514.1,7.8,157.1,4.597,8034.847,6639.713,2158.2,163.4,119.42,-3.86,-95,3.841676368,1281874,0
Mar-84,9.91,102.9,516.4,7.8,159.2,4.801,8034.847,6679.057,2175.2,157.1,119.42,1.34,-95,4.307334109,1281874,0
Apr-84,10.29,103.3,517.9,7.7,160.1,4.564,8173.67,6721.247,2191.7,159.2,121.04,0.57,-104.3,4.297328688,1324359,0
May-84,10.32,103.5,518.6,7.4,150.6,4.234,8173.67,6735.713,2204.1,160.1,121.04,-5.93,-104.3,4.050925926,1324359,0
Jun-84,11.06,103.7,520.9,7.2,153.2,4.221,8173.67,6785.832,2215.1,150.6,121.04,1.73,-104.3,4.272517321,1324359,0
Jul-84,11.23,104.1,519.6,7.5,150.7,4.204,8252.465,6800.935,2223.5,153.2,122.17,-1.63,-103.85,3.903559127,1349347,0
Aug-84,11.64,104.4,518.2,7.5,166.7,4.291,8252.465,6845.315,2230.4,150.7,122.17,10.62,-103.85,4.362801378,1349347,0
Sep-84,11.3,104.7,518.7,7.3,166.1,4.27,8252.465,6897.723,2244.4,166.7,122.17,-0.36,-103.85,4.109589041,1349347,0
Oct-84,9.99,105.1,517.3,7.4,166.1,4.257,8320.199,6877.638,2258.9,166.1,123.16,0,-107.76,3.977272727,1364773,0
Nov-84,9.43,105.3,519.9,7.2,163.6,4.051,8320.199,6913.808,2281.4,166.1,123.16,-1.51,-107.76,3.959276018,1364773,0
Dec-84,8.38,105.5,522.8,7.3,167.2,3.949,8320.199,6960.651,2306.4,163.6,123.16,2.2,-107.76,3.945885006,1364773,0
Jan-85,8.35,105.7,527,7.3,179.6,3.533,8400.82,6953.088,2332.4,167.2,124.9,7.42,-91.3,4.04040404,1361272,0
Feb-85,8.5,106.3,530.2,7.2,181.2,3.516,8400.82,6958.565,2354.1,179.6,124.9,0.89,-91.3,4.147982063,1361272,0
Mar-85,8.58,106.8,530.5,7.2,180.7,3.704,8400.82,6988.108,2366.2,181.2,124.9,-0.28,-91.3,4.017857143,1361272,0
Apr-85,8.27,107,533.1,7.3,179.8,3.686,8474.787,6975.177,2375.4,180.7,126.78,-0.5,-114.45,4.120267261,1393455,0
May-85,7.97,107.2,536.5,7.2,189.6,3.772,8474.787,6990.38,2389.5,179.8,126.78,5.45,-114.45,4.226918799,1393455,0
Jun-85,7.53,107.5,541.7,7.4,191.8,3.761,8474.787,7015.149,2412.6,189.6,126.78,1.16,-114.45,3.986710963,1393455,0
Jul-85,7.88,107.7,547,7.4,190.9,3.554,8604.22,7025.338,2429.5,191.8,128.75,-0.47,-116.9,4.08839779,1418064,0
Aug-85,7.9,107.9,552.5,7.1,188.6,3.349,8604.22,7025.068,2444,190.9,128.75,-1.2,-116.9,3.740374037,1418064,0
Sep-85,7.92,108.1,558.1,7.1,182.1,3.143,8604.22,7057.327,2456.4,188.6,128.75,-3.45,-116.9,3.50877193,1418064,0
Oct-85,7.99,108.5,560.2,7.1,189.8,3.229,8668.188,7091.229,2468,182.1,130.18,4.23,-133.43,3.387978142,1443937,0
Nov-85,8.05,109,561.7,7,202.2,3.514,8668.188,7102.139,2477.8,189.8,130.18,6.53,-133.43,3.264417845,1443937,0
Dec-85,8.27,109.5,566,7,211.3,3.799,8668.188,7145.546,2492.1,202.2,130.18,4.5,-133.43,3.579175705,1443937,0
Jan-88,6.83,116,651.9,5.7,257.1,4.047,9367.502,7669.267,2847.4,247.1,149.59,4.05,-123.99,2.481902792,1599728,0
Feb-88,6.58,116.2,652.1,5.7,267.8,3.943,9367.502,7703.832,2870.4,257.1,149.59,4.16,-123.99,2.373581011,1599728,0
Mar-88,6.58,116.5,653.9,5.7,258.9,3.925,9367.502,7724.295,2890.7,267.8,149.59,-3.32,-123.99,2.36869207,1599728,0
Apr-88,6.87,117.2,655.4,5.4,261.3,3.904,9490.594,7744.299,2910.7,258.9,152.59,0.93,-106.63,2.883625129,1632941,0
May-88,7.09,117.5,656.8,5.6,262.2,3.89,9490.594,7751.91,2926,261.3,152.59,0.34,-106.63,2.980472765,1632941,0
Jun-88,7.51,118,659.6,5.4,273.5,3.965,9490.594,7779.471,2938.4,262.2,152.59,4.31,-106.63,3.080082136,1632941,0
Jul-88,7.75,118.5,659.4,5.4,272,4.13,9546.206,7814.33,2947.2,273.5,154.17,-0.55,-99.26,3.18275154,1637695,0
Aug-88,8.01,119,658.2,5.6,261.5,4.021,9546.206,7834.98,2952,272,154.17,-3.86,-99.26,2.755102041,1637695,0
Sep-88,8.19,119.5,655.8,5.4,271.9,4.174,9546.206,7850.303,2956.9,261.5,154.17,3.98,-99.26,2.741116751,1637695,0
Oct-88,8.3,119.9,653.3,5.4,279,4.25,9673.405,7894.044,2965.3,271.9,155.59,2.61,-107.69,3.25203252,1678795,0
Nov-88,8.35,120.3,652.5,5.3,273.7,4.246,9673.405,7896.3,2980.2,279,155.59,-1.9,-107.69,3.242147923,1678795,0
Dec-88,8.76,120.7,651.8,5.3,277.7,4.419,9673.405,7936.204,2988.2,273.7,155.59,1.46,-107.69,3.134479272,1678795,0
Jan-89,9.12,121.2,648.3,5.4,297.5,4.667,9771.725,8007.589,2991.7,277.7,157.4,7.13,-100.97,3.229061554,1721911,0
Feb-89,9.36,121.6,644.6,5.2,288.9,4.828,9771.725,8030.962,2992.2,297.5,157.4,-2.89,-100.97,3.427419355,1721911,0
Mar-89,9.85,122.2,640.8,5,294.9,4.979,9771.725,8072.817,2999.7,288.9,157.4,2.08,-100.97,3.521126761,1721911,0
Apr-89,9.84,123.1,633,5.2,309.6,5.124,9846.293,8041.025,3006,294.9,159.56,4.98,-88.16,2.902902903,1727315,0
May-89,9.81,123.7,626.5,5.2,320.5,5.362,9846.293,8006.298,3011.6,309.6,159.56,3.52,-88.16,2.794411178,1727315,0
Jun-89,9.53,124.1,623.3,5.3,318,5.169,9846.293,8028.717,3027.9,320.5,159.56,-0.78,-88.16,2.888446215,1727315,0
Jul-89,9.24,124.5,624.7,5.2,346.1,4.979,9919.228,8055.26,3052.4,318,162.96,8.84,-75.08,3.084577114,1741975,0
Aug-89,8.99,124.5,626,5.2,351.4,4.706,9919.228,8072.841,3074.4,346.1,162.96,1.53,-75.08,3.17775571,1741975,0
Sep-89,9.02,124.8,625.8,5.3,349.1,4.341,9919.228,8095.196,3092.5,351.4,162.96,-0.65,-75.08,2.865612648,1741975,0
Oct-89,8.84,125.4,627.3,5.3,340.4,4.493,9938.767,8134.089,3114.1,349.1,164.31,-2.49,-82.77,2.657480315,1729133,0
Nov-89,8.55,125.9,625.8,5.4,346,4.655,9938.767,8142.33,3133.3,340.4,164.31,1.65,-82.77,2.453385672,1729133,0
Dec-89,8.45,126.3,627.8,5.4,353.4,4.647,9938.767,8149.087,3152.5,346,164.31,2.14,-82.77,2.843137255,1729133,0
Jan-90,8.23,127.5,623.8,5.4,329.1,5.202,10047.386,8170.022,3166.8,353.4,165.25,-6.88,-88.54,2.834799609,1779821,1
Feb-90,8.24,128,623.5,5.3,331.9,5.263,10047.386,8195.397,3179.2,329.1,165.25,0.85,-88.54,3.703703704,1779821,1
Mar-90,8.28,128.6,623.3,5.2,339.9,5.233,10047.386,8203.337,3190.1,331.9,165.25,2.41,-88.54,3.984450923,1779821,1
Apr-90,8.26,128.9,625.4,5.4,330.8,4.712,10083.855,8255.647,3201.6,339.9,165.93,-2.68,-68.83,3.891050584,1769286,1
May-90,8.18,129.1,622.9,5.4,361.2,4.362,10083.855,8246.75,3200.6,330.8,165.93,9.19,-68.83,4.27184466,1769286,1
Jun-90,8.29,129.9,622.6,5.2,358,4.674,10083.855,8260.44,3213.7,361.2,165.93,-0.89,-68.83,4.35624395,1769286,1
Jul-90,8.15,130.5,620.8,5.5,356.1,4.823,10090.569,8288.531,3224.5,358,166.96,-0.53,-74.95,4.247104247,1754085,1
Aug-90,8.13,131.6,619.8,5.7,322.6,5.618,10090.569,8236.691,3242,356.1,166.96,-9.41,-74.95,4.042348412,1754085,1
Sep-90,8.2,132.5,619,5.9,306.1,6.16,10090.569,8233.907,3254.6,322.6,166.96,-5.11,-74.95,4.322766571,1754085,1
Oct-90,8.11,133.4,614.6,5.9,304,6.29,9998.704,8167.115,3259.3,306.1,166.31,-0.69,-79.1,4.697986577,1692113,1
Nov-90,7.81,133.7,614.9,6.2,322.2,6.275,9998.704,8168.212,3262.6,304,166.31,5.99,-79.1,4.310344828,1692113,1
Dec-90,7.31,134.2,614.5,6.3,330.2,6.106,9998.704,8210.825,3271.8,322.2,166.31,2.48,-79.1,4.194470925,1692113,1
Jan-91,6.91,134.7,614.1,6.4,343.9,5.651,9951.916,8157.383,3287.7,330.2,167.68,4.15,-47.14,4.372623574,1656948,1
Feb-91,6.25,134.8,617.7,6.6,367.1,5.313,9951.916,8164.096,3304.5,343.9,167.68,6.75,-47.14,3.101503759,1656948,1
Mar-91,6.12,134.8,622.2,6.8,375.2,4.895,9951.916,8176.58,3321.9,367.1,167.68,2.21,-47.14,2.803738318,1656948,1
Apr-91,5.91,135.1,624.1,6.7,375.4,4.888,10029.51,8208.244,3332.4,375.2,168.8,0.05,-23.19,3.464419476,1667140,1
May-91,5.78,135.6,626,6.9,389.8,4.954,10029.51,8209.444,3343,375.4,168.8,3.84,-23.19,3.258845438,1667140,1
Jun-91,5.9,136,629.9,6.9,371.2,4.696,10029.51,8252.295,3351.9,389.8,168.8,-4.77,-23.19,3.246753247,1667140,1
Jul-91,5.82,136.2,632.6,6.8,387.8,4.448,10080.195,8233.054,3356.1,371.2,169.13,4.47,-21.07,3.425925926,1696606,1
Aug-91,5.66,136.6,634.6,6.9,395.4,3.799,10080.195,8248.575,3355,387.8,169.13,1.96,-21.07,3.422756707,1696606,1
Sep-91,5.45,137,634.8,6.9,387.9,3.391,10080.195,8273.586,3354.9,395.4,169.13,-1.9,-21.07,3.314917127,1696606,1
Oct-91,5.21,137.2,639.9,7,392.5,2.921,10115.329,8284.054,3360.1,387.9,171.5,1.19,-23.05,3.021978022,1718652,1
Nov-91,4.81,137.8,644.1,7,375.2,2.99,10115.329,8296.928,3365.5,392.5,171.5,-4.41,-23.05,3.397612489,1718652,1
Dec-91,4.43,138.2,649.1,7.3,417.1,3.064,10115.329,8365.723,3372.2,375.1,171.5,11.17,-23.05,3.110704483,1718652,1
Jan-92,4.03,138.3,658.3,7.3,408.8,2.6,10236.435,8405.155,3381.2,417,172.82,-1.99,-20.54,2.367941712,1721606,0
Feb-92,4.06,138.6,667.5,7.4,412.7,2.819,10236.435,8444.994,3400,408.8,172.82,0.95,-20.54,3.008204193,1721606,0
Mar-92,3.98,139.1,673.4,7.4,403.7,3.185,10236.435,8457.388,3403.9,412.7,172.82,-2.18,-20.54,2.909090909,1721606,0
Apr-92,3.73,139.4,677,7.4,414.9,3.18,10347.429,8487.783,3399.7,403.7,172.78,2.77,-32.79,2.805429864,1779998,0
May-92,3.82,139.7,680.5,7.6,415.4,3.024,10347.429,8531.932,3398.6,414.9,172.78,0.12,-32.79,2.705139766,1779998,0
Jun-92,3.76,140.1,681.2,7.8,408.1,3.088,10347.429,8566.719,3393.4,415.4,172.78,-1.76,-32.79,2.51572327,1779998,0
Jul-92,3.25,140.5,685.6,7.7,424.2,3.157,10449.673,8559.118,3393.9,408.2,174.75,3.95,-38.49,2.327663384,1798496,0
Aug-92,3.3,140.8,691.5,7.6,414,3.148,10449.673,8591.676,3398.8,424.2,174.75,-2.4,-38.49,2.504472272,1798496,0
Sep-92,3.22,141.1,700.2,7.6,417.8,2.988,10449.673,8558.368,3410.3,414,174.75,0.92,-38.49,2.049910873,1798496,0
Oct-92,3.1,141.7,708.3,7.3,418.7,3.202,10558.648,8515.933,3423.8,417.8,175.63,0.22,-47.14,1.955555556,1842150,0
Nov-92,3.09,142.1,714.8,7.4,431.4,3.048,10558.648,8534.33,3426.5,418.7,175.63,3.03,-47.14,2.042628774,1842150,0
Dec-92,2.92,142.3,720.2,7.4,435.7,2.901,10558.648,8845.712,3424.7,431.4,175.63,1,-47.14,2.129547471,1842150,0
Jan-93,3.02,142.8,721.6,7.3,438.8,3.259,10576.275,8602.353,3419.1,435.7,175.71,0.71,-55.7,2.758007117,1866455,0
Feb-93,3.03,143.1,722.2,7.1,443.4,3.247,10576.275,8642.143,3414.5,438.8,175.71,1.05,-55.7,2.389380531,1866455,0
Mar-93,3.07,143.3,724.6,7,451.7,3.087,10576.275,8619.726,3411.7,443.4,175.71,1.87,-55.7,2.385159011,1866455,0
Apr-93,2.96,143.8,728.5,7.1,440.2,3.226,10637.847,8684.645,3411.3,451.7,177.39,-2.55,-63.19,2.464788732,1900525,0
May-93,3,144.2,739.2,7.1,450.2,3.221,10637.847,8682.682,3436.9,440.2,177.39,2.27,-63.19,2.370500439,1900525,0
Jun-93,3.04,144.3,745,7,450.5,2.996,10637.847,8671.95,3442.4,450.2,177.39,0.07,-63.19,2.278702892,1900525,0
Jul-93,3.06,144.5,750.6,6.9,448.1,2.776,10688.606,8699.937,3442,450.5,178.83,-0.53,-68.35,2.274715661,1907611,0
Aug-93,3.03,144.8,755.7,6.8,463.6,2.768,10688.606,8718.737,3445.7,448.1,178.83,3.46,-68.35,2.268760908,1907611,0
Sep-93,3.09,145,761.5,6.7,458.9,2.689,10688.606,8699.123,3452.2,463.6,178.83,-1.01,-68.35,2.707423581,1907611,0
Oct-93,2.99,145.6,764.5,6.8,467.8,2.75,10833.987,8662.656,3456.7,458.9,180.29,1.94,-73.45,2.789886661,1985467,0
Nov-93,3.02,146,769.9,6.6,461.8,2.676,10833.987,8684.88,3470.1,467.8,180.29,-1.28,-73.45,2.959094865,1985467,0
Dec-93,2.96,146.3,772.1,6.5,466.4,2.748,10833.987,8986.914,3474.5,461.9,180.29,1,-73.45,3.214596003,1985467,0
5-Jan,2.28,191.6,713.5,5.3,1181.3,2.97,15844.727,12665.162,6424.5,1211.9,333.72,-2.52,-696.66,2.695924765,4023845,0
5-Feb,2.5,192.4,712.6,5.4,1203.6,3.008,15844.727,12674.095,6432.8,1181.3,333.72,1.89,-696.66,2.880400751,4023845,0
5-Mar,2.63,193.1,709.9,5.2,1180.6,3.148,15844.727,12716.359,6441.9,1203.6,333.72,-1.91,-696.66,2.685821362,4023845,0
5-Apr,2.79,193.7,701.3,5.2,1156.8,3.511,15922.782,12759.492,6455.9,1180.6,344.41,-2.02,-707.21,2.428393524,4049017,0
5-May,3,193.6,705.6,5.1,1191.5,2.803,15922.782,12815.998,6473.3,1156.8,344.41,3,-707.21,2.862476665,4049017,0
5-Jun,3.04,193.7,712.5,5,1191.3,2.53,15922.782,12849.466,6505.8,1191.5,344.41,-0.02,-707.21,2.669149597,4049017,0
5-Jul,3.26,194.9,702.4,5,1234.2,3.168,16047.587,12868.735,6537.4,1191.3,354.89,3.6,-750.96,2.791563275,4123693,0
5-Aug,3.5,196.1,702.6,4.9,1220.3,3.641,16047.587,12891.416,6570.2,1234.2,354.89,-1.13,-750.96,2.654320988,4123693,0
5-Sep,3.62,198.8,693.5,5,1228.8,4.687,16047.587,12850.144,6604.3,1220.3,354.89,0.7,-750.96,1.840490798,4123693,0
5-Oct,3.78,199.1,691.4,5,1207,4.348,16136.734,12925.11,6638.6,1228.8,362.92,-1.77,-804.79,2.58143823,4209963,0
5-Nov,4,198.1,694.6,5,1249.5,3.455,16136.734,13010.071,6655,1207,362.92,3.52,-804.79,2.207234825,4209963,0
5-Dec,4.16,198.1,693.7,4.9,1248.3,3.416,16136.734,13055.374,6681.9,1249.5,362.92,-0.1,-804.79,2.080783354,4209963,0
6-Jan,4.29,199.3,692.2,4.7,1280.1,3.985,16353.835,13214.527,6724.3,1248.3,368.67,2.55,-790.82,1.892551893,4327881,0
6-Feb,4.49,199.4,691.3,4.8,1280.7,3.597,16353.835,13283.182,6748.6,1280.1,368.67,0.05,-790.82,1.643335362,4327881,0
6-Mar,4.59,199.7,692.6,4.7,1294.8,3.363,16353.835,13340.072,6762.9,1280.7,368.67,1.1,-790.82,1.642335766,4327881,0
6-Apr,4.79,200.7,688.3,4.7,1310.6,3.546,16396.151,13347.045,6800.1,1302.9,372.45,1.22,-794.04,1.762917933,4334962,0
6-May,4.94,201.3,689.1,4.6,1270.1,4.167,16396.151,13336.874,6806.9,1310.6,372.45,-3.09,-794.04,1.451905626,4334962,0
6-Jun,4.99,201.8,681.6,4.6,1270.2,4.319,16396.151,13353.303,6844.9,1270,372.45,0.01,-794.04,1.451027811,4334962,0
6-Jul,5.24,202.9,676.4,4.7,1276.7,4.145,16420.738,13342.387,6886.3,1270.1,375.51,0.51,-823.28,1.267350634,4343937,0
6-Aug,5.25,203.8,673.4,4.7,1303.8,3.819,16420.738,13329.621,6917.1,1278.5,375.51,2.12,-823.28,1.202645821,4343937,0
6-Sep,5.25,202.8,672.8,4.5,1335.8,2.062,16420.738,13408.301,6944.2,1303.8,375.51,2.45,-823.28,1.385542169,4343937,0
6-Oct,5.25,201.9,678.7,4.4,1377.9,1.305,16561.866,13479.95,6993.3,1335.8,379.35,3.15,-737.67,1.318154584,4330150,0
6-Nov,5.25,202,678.6,4.5,1400.6,1.974,16561.866,13547.935,7028.4,1377.8,379.35,1.65,-737.67,1.559688062,4330150,0
6-Dec,5.24,203.1,672.9,4.4,1418.3,2.541,16561.866,13627.346,7071.6,1400.6,379.35,1.26,-737.67,1.918465228,4330150,0
7-Jan,5.25,203.4,674.3,4.6,1438.2,2.076,16611.69,13651.743,7109.6,1418,380.76,1.4,-739.27,1.917315758,4343303,1
7-Feb,5.26,204.2,667.4,4.5,1406.8,2.415,16611.69,13711.191,7125.3,1437.9,380.76,-2.18,-739.27,2.095808383,4343303,1
7-Mar,5.26,205.3,665.7,4.4,1420.9,2.779,16611.69,13762.811,7159.1,1406.8,380.76,1,-739.27,2.333931777,4343303,1
7-Apr,5.25,205.9,669.2,4.5,1482.4,2.574,16713.314,13784.697,7231.3,1420.8,380.51,4.33,-745.81,2.7479092,4399834,1
7-May,5.25,206.8,667.9,4.4,1530.6,2.691,16713.314,13791.861,7245.4,1482.4,380.51,3.25,-745.81,2.742993441,4399834,1
7-Jun,5.25,207.2,660.2,4.6,1503.3,2.687,16713.314,13786.416,7278.6,1530.6,380.51,-1.78,-745.81,3.039332539,4399834,1
7-Jul,5.26,207.6,660.8,4.7,1455.3,2.358,16809.587,13795.953,7309,1504.7,376.26,-3.19,-728.95,3.039332539,4398698,1
7-Aug,5.02,207.7,662.7,4.6,1474,1.97,16809.587,13795.066,7385.1,1455.2,376.26,1.28,-728.95,3.089720737,4398698,1
7-Sep,4.94,208.5,659.7,4.7,1526.8,2.755,16809.587,13813.791,7403.2,1474,376.26,3.58,-728.95,3.20855615,4398698,1
7-Oct,4.76,209.2,659.4,4.7,1549.4,3.536,16915.191,13796.513,7417.2,1527.3,375.04,1.48,-729.7,2.66114725,4371011,1
7-Nov,4.49,210.8,650.7,4.7,1481.1,4.306,16915.191,13787.506,7441.8,1545.8,375.04,-4.41,-729.7,3.012404017,4371011,1
7-Dec,4.24,211.4,649.5,5,1468.4,4.081,16915.191,13846.539,7471.6,1479.6,375.04,-0.86,-729.7,2.588235294,4371011,1
8-Jan,3.94,212.2,649.3,5,1378.5,4.28,16843.003,13862.766,7505.5,1468,372.29,-6.12,-771.25,2.880658436,4263316,1
8-Feb,2.98,212.7,649,4.9,1330.6,4.027,16843.003,13877.177,7590.6,1378.6,372.29,-3.47,-771.25,3.049853372,4263316,1
8-Mar,2.61,213.4,650.6,5.1,1322.7,3.981,16843.003,13893.695,7656.2,1330.5,372.29,-0.59,-771.25,3.099415205,4263316,1
8-Apr,2.28,213.9,650.4,5,1385.6,3.937,16943.291,13854.44,7699.2,1326.4,362.9,4.76,-776.4,2.5,4241268,1
8-May,1.98,215.2,647.5,5.4,1400.4,4.176,16943.291,14441.892,7711.2,1386,362.9,1.07,-776.4,2.669762043,4241268,1
8-Jun,2,217.5,645.9,5.6,1280,5.022,16943.291,14094.894,7728.9,1399.6,362.9,-8.6,-776.4,2.718334297,4241268,1
8-Jul,2.01,219,648.9,5.8,1267.4,5.6,16854.295,13867.615,7775.4,1276.7,351.46,-0.98,-787.35,2.949681897,4169540,1
8-Aug,2,218.7,643.6,6.1,1282.8,5.372,16854.295,13780.34,7790.2,1269.4,351.46,1.22,-787.35,2.593659942,4169540,1
8-Sep,1.81,218.9,668,6.1,1166.4,4.937,16854.295,13789.923,7859.5,1287.8,351.46,-9.07,-787.35,2.648244099,4169540,1
8-Oct,0.97,217,679.2,6.5,968.8,3.655,16854.295,13883.254,7965.3,1164.2,348.22,-16.94,-628.47,3.052995392,3900036,1
8-Nov,0.39,213.2,710.6,6.8,896.2,1.07,16854.295,13982.019,8015.8,968.7,348.22,-7.49,-628.47,2.924311927,3900036,1
8-Dec,0.16,211.4,757.7,7.3,903.2,0.091,16854.295,13891.878,8192.1,888.6,348.22,0.78,-628.47,3.211009174,3900036,1
9-Jan,0.15,211.9,746.8,7.8,825.9,0.03,16298.262,13762.24,8273.7,903,350.8,-8.56,-420.99,2.914285714,3604446,1
9-Feb,0.22,212.7,736.8,8.3,735.1,0.236,16298.262,13603.699,8303.1,823.1,350.8,-10.99,-420.99,2.959590211,3604446,1
9-Mar,0.18,212.5,743,8.7,797.9,-0.384,16298.262,13570.847,8369.3,729.6,350.8,8.54,-420.99,2.836074872,3604446,1
9-Apr,0.15,212.7,757.7,9,872.8,-0.737,16269.145,13601.477,8372.9,793.6,350.8,9.39,-358.37,3.006239365,3450455,1
9-May,0.18,213,759.3,9.4,919.1,-1.281,16269.145,13779.884,8430.7,872.7,350.8,5.3,-358.37,2.48728095,3450455,1
9-Jun,0.21,214.8,772.3,9.5,919.3,-1.427,16269.145,13544.781,8440.5,923.3,350.8,0.02,-358.37,2.364864865,3450455,1
9-Jul,0.16,214.7,774.2,9.5,987.5,-2.097,16326.281,13493.206,8445.1,920.8,332.69,7.42,-424,2.808988764,3464828,1
9-Aug,0.16,215.4,770.5,9.6,1020.6,-1.484,16326.281,13468.487,8445,990.2,332.69,3.35,-424,2.921348315,3464828,1
9-Sep,0.15,215.9,771.3,9.8,1057.1,-1.286,16326.281,13502.606,8444.2,1019.5,332.69,3.58,-424,3.309029725,3464828,1
9-Oct,0.12,216.5,774.9,10,1036.2,-0.183,16502.754,13460.827,8471.1,1054.9,330.16,-1.98,-473.25,2.738960313,3597534,1
9-Nov,0.12,217.2,774.7,9.9,1095.6,-1.838,16502.754,13494.222,8500.8,1036.2,330.16,5.73,-473.25,2.618384401,3597534,1
9-Dec,0.12,217.3,778.8,9.9,1115.1,2.721,16502.754,13551.644,8496,1098.9,330.16,1.78,-473.25,2.333333333,3597534,1
10-Jan,0.11,217.5,770,9.8,1073.9,2.626,16582.71,13610.249,8458.1,1116.6,326.22,-3.69,-509.19,2.332037757,3623996,0
10-Feb,0.13,217.3,782.3,9.8,1104.5,2.143,16582.71,13610.405,8507.4,1073.9,326.22,2.85,-509.19,2.155887231,3623996,0
10-Mar,0.16,217.4,787.6,9.9,1169.4,2.314,16582.71,13661.363,8504.5,1105.4,326.22,5.88,-509.19,1.875344732,3623996,0
10-Apr,0.2,217.4,781.5,9.9,1186.7,2.236,16743.162,13776.728,8535.2,1171.2,323.25,1.48,-542.51,1.927312775,3770764,0
10-May,0.2,217.3,787,9.6,1089.4,2.021,16743.162,13885.106,8589.9,1188.6,323.25,-8.2,-542.51,2.482073911,3770764,0
10-Jun,0.18,217.2,797.2,9.4,1030.7,1.053,16743.162,13898.726,8609,1087.3,323.25,-5.39,-542.51,2.145214521,3770764,0
10-Jul,0.18,217.6,792.3,9.4,1101.6,1.235,16872.266,13928.888,8618.8,1031.1,326.4,6.88,-553.94,1.857923497,3867806,0
10-Aug,0.19,217.9,802.4,9.5,1049.3,1.148,16872.266,13980.745,8669.1,1107.5,326.4,-4.75,-553.94,1.801310044,3867806,0
10-Sep,0.19,218.3,809.2,9.5,1141.2,1.144,16872.266,13989.519,8700.1,1049.7,326.4,8.76,-553.94,1.574375679,3867806,0
10-Oct,0.19,219,812.8,9.4,1183.3,1.172,16960.864,14000.339,8749.4,1143.5,324.08,3.69,-523.59,1.849836779,3892007,0
10-Nov,0.19,219.6,832.6,9.8,1180.5,1.143,16960.864,14018.501,8770,1185.7,324.08,-0.24,-523.59,1.845819761,3892007,0
10-Dec,0.18,220.5,833.1,9.3,1257.6,1.496,16960.864,14104.762,8801.8,1186.6,324.08,6.53,-523.59,2.008686211,3892007,0
11-Jan,0.17,221.2,834.7,9.1,1286.1,1.632,16920.632,14289.288,8823.1,1257.6,315.08,2.27,-568.48,2.550189908,3861338,0
11-Feb,0.16,221.9,842.8,9,1327.2,2.108,16920.632,14331.186,8886.9,1289.1,315.08,3.2,-568.48,2.380952381,3861338,0
11-Mar,0.14,223,850.3,9,1325.8,2.682,16920.632,14298.318,8943.5,1328.6,315.08,-0.11,-568.48,2.328099621,3861338,0
11-Apr,0.1,224.1,846.5,9.1,1363.6,3.164,17035.114,14275.294,9004.9,1329.5,309.54,2.85,-581.09,2.160994057,3944963,0
11-May,0.09,224.8,863.7,9,1345.2,3.569,17035.114,14260.443,9075.5,1365.2,309.54,-1.35,-581.09,1.82992465,3944963,0
11-Jun,0.09,224.8,873.4,9.1,1320.6,3.559,17035.114,14324.383,9151,1345.2,309.54,-1.83,-581.09,1.777059774,3944963,0
11-Jul,0.07,225.4,885.6,9,1292.3,3.629,17031.313,14386.123,9316.6,1320.6,311.85,-2.14,-567.11,1.555793991,3976618,0
11-Aug,0.1,226.1,935.6,9,1218.9,3.771,17031.313,14378.666,9507.6,1292.6,311.85,-5.68,-567.11,1.340482574,3976618,0
11-Sep,0.08,226.6,935.6,9,1131.4,3.868,17031.313,14359.76,9528.3,1219.1,311.85,-7.18,-567.11,1.015499733,3976618,0
11-Oct,0.07,226.8,938.7,8.8,1253.3,3.525,17222.583,14364.71,9562.1,1131.2,313.28,10.77,-601.79,1.388888889,4178714,0
11-Nov,0.08,227.2,960.5,8.6,1247,3.394,17222.583,14349.583,9612.6,1251,313.28,-0.5,-601.79,1.119402985,4178714,0
11-Dec,0.07,227.2,953.1,8.5,1257.6,2.962,17222.583,14479.33,9660.1,1246.9,313.28,0.85,-601.79,1.064395955,4178714,0